branch,state,heavy_vehicle_capable,lanes,branch_id,note
Central Inspection Hub,Selangor,True,8,BR00,fictional demo inspection hub
West Inspection Hub,Selangor,False,6,BR01,fictional demo inspection hub
North Inspection Hub,Selangor,False,5,BR02,fictional demo inspection hub
East Inspection Hub,W.P. Kuala Lumpur,False,4,BR03,fictional demo inspection hub
South Inspection Hub,Selangor,False,4,BR04,fictional demo inspection hub
Klang Inspection Hub,Selangor,True,5,BR05,fictional demo inspection hub
Seremban Inspection Hub,Negeri Sembilan,True,4,BR06,fictional demo inspection hub
Melaka Inspection Hub,Melaka,False,3,BR07,fictional demo inspection hub
Johor Bahru Inspection Hub,Johor,True,6,BR08,fictional demo inspection hub
Kluang Inspection Hub,Johor,False,3,BR09,fictional demo inspection hub
Ipoh Inspection Hub,Perak,True,4,BR10,fictional demo inspection hub
Penang Inspection Hub,Pulau Pinang,True,5,BR11,fictional demo inspection hub
Alor Setar Inspection Hub,Kedah,False,3,BR12,fictional demo inspection hub
Kuantan Inspection Hub,Pahang,True,4,BR13,fictional demo inspection hub
Kota Bharu Inspection Hub,Kelantan,False,3,BR14,fictional demo inspection hub
Kuala Terengganu Inspection Hub,Terengganu,False,3,BR15,fictional demo inspection hub
Kuching Inspection Hub,Sarawak,True,4,BR16,fictional demo inspection hub
Miri Inspection Hub,Sarawak,True,3,BR17,fictional demo inspection hub
Kota Kinabalu Inspection Hub,Sabah,True,4,BR18,fictional demo inspection hub
Mobile Inspection Unit,Nationwide,True,2,BR19,fictional demo inspection hub
