battery,cycle,ambient_temp_c,capacity_ah,v_min,t_max_c,discharge_time_s,soh_pct
B0005,1,24,1.8564874208181574,2.612467347907089,38.98218133148803,3690.234,100.0
B0005,2,24,1.846327249719927,2.587208728940726,39.033397966787035,3672.344,99.45
B0005,3,24,1.8353491942234077,2.6519168938437794,38.818796689817404,3651.641,98.86
B0005,4,24,1.8352625275821128,2.592947964776547,38.7623045063458,3631.563,98.86
B0005,5,24,1.8346455082120419,2.547419651124539,38.66539257343368,3629.172,98.82
B0005,6,24,1.8356616600675495,2.5209480504077413,38.75169504640032,3652.281,98.88
B0005,7,24,1.8351461429226603,2.487927319492314,38.8207012322275,3650.828,98.85
B0005,8,24,1.8257567905665537,2.6652049047458775,38.51713023385634,3572.453,98.34
B0005,9,24,1.8247738529891333,2.6038584726333673,38.526267904657,3550.594,98.29
B0005,10,24,1.824613268496936,2.552853984885676,38.52698128472781,3551.25,98.28
B0005,11,24,1.8246195526864504,2.4724483018527317,38.54143406601644,3530.25,98.28
B0005,12,24,1.8142019357673917,2.64956413267546,38.52197451768004,3491.016,97.72
B0005,13,24,1.8137521577549054,2.5724981777366227,38.582485834057856,3470.281,97.7
B0005,14,24,1.8134404914735822,2.5249886697730286,38.520294134873915,3470.0,97.68
B0005,15,24,1.8025980036306504,2.694621861688723,38.21358592965045,3450.297,97.1
B0005,16,24,1.80210690024615,2.64010141737067,38.1983618706913,3429.407,97.07
B0005,17,24,1.802579500826209,2.5739035098380962,38.31926916027133,3409.484,97.1
B0005,18,24,1.8030683142834096,2.4942396831720126,38.4787542519308,3390.422,97.12
B0005,19,24,1.8027776247196041,2.4556793246645583,38.54659017774874,3390.281,97.11
B0005,20,24,1.8470259949329193,2.632142800798914,38.44749852224995,3591.734,99.49
B0005,21,24,1.847417311283644,2.5027764692056795,38.992275791716615,3552.297,99.51
B0005,22,24,1.8361774213478947,2.617507742871704,38.51424197364312,3531.578,98.91
B0005,23,24,1.8257807475776242,2.694074478000972,38.165816144899125,3492.907,98.35
B0005,24,24,1.8251136435078368,2.6237674644021887,38.16526203587147,3511.594,98.31
B0005,25,24,1.8255815042203762,2.5010798299873738,38.27549578575718,3431.9370000000054,98.34
B0005,26,24,1.8140311275083907,2.6849988185249796,37.982160799183106,3431.125,97.71
B0005,27,24,1.8147691941158939,2.547109116468133,38.11100191887773,3412.406,97.75
B0005,28,24,1.813969388710352,2.471314764334132,38.18831137948753,3410.688,97.71
B0005,29,24,1.802765665167823,2.6613903306108773,37.998541119085836,3410.718,97.11
B0005,30,24,1.804077040117352,2.541762355407921,38.194201649765226,3392.719,97.18
B0005,31,24,1.8518025516704486,2.628919415830567,38.45796400011448,3470.672,99.75
B0005,32,24,1.8307038456739428,2.6312552691827045,38.49126351534004,3414.109,98.61
B0005,33,24,1.8199041089501267,2.654880745360911,38.31473393357882,3395.219,98.03
B0005,34,24,1.8093079637028517,2.6749688422803803,37.861934640176806,3386.0,97.46
B0005,35,24,1.80460990458052,2.6159705726789904,37.90665575786083,3368.187,97.21
B0005,36,24,1.7993770651972192,2.658447162110498,38.34003238560517,3368.266,96.92
B0005,37,24,1.7884432335370462,2.6979426084271156,38.0745950590744,3358.719,96.33
B0005,38,24,1.7829230484252723,2.6617272246516333,38.07252758016199,3339.5,96.04
B0005,39,24,1.7730337158018288,2.699288287625812,37.80133585100446,3331.265,95.5
B0005,40,24,1.773037755078937,2.6127932408838532,38.39873985476869,3321.188,95.5
B0005,41,24,1.7678721106662054,2.6637064901468075,38.74929237918251,3321.844,95.23
B0005,42,24,1.7623150704093087,2.6668454289754746,38.87275464755104,3311.828,94.93
B0005,43,24,1.7676172924938447,2.684431051981017,38.503541429116005,3327.391,95.21
B0005,44,24,1.762668359743147,2.645224362345869,38.27009094548294,3312.078,94.95
B0005,45,24,1.7517304870664143,2.6603527244917,38.11684755251712,3293.172,94.36
B0005,46,24,1.7418496047960008,2.6926849789916263,38.04152715355532,3275.328,93.83
B0005,47,24,1.7360913511847138,2.670544734728978,38.17980302242767,3265.016,93.51
B0005,48,24,1.7936240148573608,2.605158060541757,40.71218198711114,3328.937,96.61
B0005,49,24,1.7831890223273275,2.672012007453096,39.885261233152924,3329.266,96.05
B0005,50,24,1.7673642076278957,2.674271233724938,39.18287352945846,3301.579,95.2
B0005,51,24,1.7570177850353066,2.6309416727017187,38.951564804030774,3283.563,94.64
B0005,52,24,1.7468706179837907,2.6629725743154204,38.607510759873634,3275.125,94.1
B0005,53,24,1.7417172507457144,2.612942119873717,38.920359903369054,3265.656,93.82
B0005,54,24,1.7364225056478186,2.6157198442661476,39.23273115358871,3266.093,93.53
B0005,55,24,1.7263217239235826,2.6287695472774453,38.964927068400804,3257.594,92.99
B0005,56,24,1.7158065389330133,2.6655106679421823,38.83927283461771,3248.593,92.42
B0005,57,24,1.710533351135192,2.650495153350403,38.82796377704433,3238.766,92.14
B0005,58,24,1.706014499648521,2.643236235233877,39.14007944734004,3240.14,91.89
B0005,59,24,1.7003110272642588,2.656450207001938,39.349611598028886,3230.109,91.59
B0005,60,24,1.6945798601797895,2.626177688152069,39.29444535878087,3229.7810000000027,91.28
B0005,61,24,1.6849029086609286,2.6582230344240045,39.10487658009542,3212.469,90.76
B0005,62,24,1.6744741591159717,2.695100237338448,39.0462609369598,3213.219,90.2
B0005,63,24,1.6745692479879102,2.639091813583503,39.398032192832,3203.578,90.2
B0005,64,24,1.663716375981405,2.6857210282450983,39.10678394120843,3195.125,89.62
B0005,65,24,1.659013868748246,2.69017866510873,39.44448954135193,3195.3129999999946,89.36
B0005,66,24,1.6538540573335014,2.639895313359579,39.509602016775695,3186.297,89.09
B0005,67,24,1.642653782130131,2.68991452927918,39.334865362245324,3176.438,88.48
B0005,68,24,1.6378578430223698,2.65935818848874,39.43723270017243,3167.593,88.22
B0005,69,24,1.6327350407099108,2.6657030585650423,39.51375235624076,3167.719,87.95
B0005,70,24,1.6277528915533617,2.642986759012803,39.60170302810528,3159.077999999994,87.68
B0005,71,24,1.622125485521159,2.6311169118893036,39.687463597582074,3148.829,87.38
B0005,72,24,1.6113256603765849,2.696157404617167,39.53535075538898,3149.094,86.79
B0005,73,24,1.6065631397488385,2.6667596238241567,39.6502371632164,3140.547,86.54
B0005,74,24,1.6015142233917594,2.6403185448373043,39.69929058154853,3131.625,86.27
B0005,75,24,1.590369231400328,2.69892986372897,39.56076309770468,3121.907,85.67
B0005,76,24,1.5857889968242211,2.6682466504352993,39.63708096307912,3122.125,85.42
B0005,77,24,1.5849430707374117,2.6479207279724903,39.43977047692484,3121.672,85.37
B0005,78,24,1.5955263892495937,2.6741633856529066,39.839022256254516,3120.86,85.94
B0005,79,24,1.5747301747801037,2.6892528956736257,39.41794949618613,3103.828,84.82
B0005,80,24,1.5649019950937946,2.688809122993162,39.262781682151214,3095.094,84.29
B0005,81,24,1.5597659473370362,2.6743555987897745,39.47237839941986,3095.781,84.02
B0005,82,24,1.5594815668184234,2.6430294964336345,40.037541469513684,3094.328,84.0
B0005,83,24,1.55468935359061,2.6584858447131823,40.142730162011574,3086.531,83.74
B0005,84,24,1.5488741079890418,2.629782173759164,40.1165626728546,3085.625,83.43
B0005,85,24,1.538236598942558,2.6622967647315545,39.87503330866132,3067.203,82.86
B0005,86,24,1.527914258251028,2.682380966742509,39.61961987024145,3058.157,82.3
B0005,87,24,1.5285252629756445,2.6401894768922713,40.067324667444815,3058.812,82.33
B0005,88,24,1.522647325284378,2.693769409137257,40.24716716520102,3058.578,82.02
B0005,89,24,1.5174859938489869,2.695787450704935,40.30253125568348,3049.328,81.74
B0005,90,24,1.605818899130659,2.6920548172137724,40.09418103142496,3177.219,86.5
B0005,91,24,1.5638491446744425,2.629071246219689,40.52238496316615,3082.937,84.24
B0005,92,24,1.5480915247767786,2.631343871050918,40.56886357314186,3074.266,83.39
B0005,93,24,1.5323755631868592,2.6983970036642315,40.27804845768325,3066.0,82.54
B0005,94,24,1.5269528268489705,2.6338485871981514,40.2921849196155,3056.437,82.25
B0005,95,24,1.5169573017136326,2.671566207861818,40.184384347174266,3048.219,81.71
B0005,96,24,1.5118975960142693,2.6540810507928123,40.320066232195046,3039.218,81.44
B0005,97,24,1.5065638960681105,2.656849703962618,40.336505612651585,3039.047,81.15
B0005,98,24,1.5015453526671363,2.6363048614501152,40.43267631588412,3030.375,80.88
B0005,99,24,1.4908444050400238,2.69951692300468,40.314538591575015,3021.0,80.3
B0005,100,24,1.485868384561201,2.698216006032282,40.386661855917744,3021.75,80.04
B0005,101,24,1.480413677976106,2.6911707598773864,40.43384612547835,3012.265,79.74
B0005,102,24,1.4752095869031632,2.690162319231471,40.44479269068758,3002.641,79.46
B0005,103,24,1.4859035988304024,2.6355034454892072,40.58499656066617,3012.0,80.04
B0005,104,24,1.4960918298136696,2.6594753656507684,40.99869158762305,3020.11,80.59
B0005,105,24,1.4808005946928984,2.644554999824577,40.997807625227495,3002.172000000006,79.76
B0005,106,24,1.4697543268466824,2.6719601666204564,40.84213757482493,2992.703,79.17
B0005,107,24,1.4539012274845928,2.6598211033173382,40.69012464267011,2964.468,78.31
B0005,108,24,1.4541462067235693,2.688360455508818,40.69938049882204,2983.375,78.33
B0005,109,24,1.455023751906683,2.6376728619288525,41.06026204078849,2975.297,78.38
B0005,110,24,1.449042163761236,2.645120521151077,41.19696040482682,2974.9850000000006,78.05
B0005,111,24,1.4386709371480566,2.698012437629632,40.84446688602949,2966.25,77.49
B0005,112,24,1.433445432156979,2.6928942772989077,40.764203830749366,2956.359,77.21
B0005,113,24,1.4333958900838095,2.6483923655058113,41.11212504270441,2956.344,77.21
B0005,114,24,1.42806487344776,2.6832134764261997,41.27256611507568,2956.406,76.92
B0005,115,24,1.4229203181741186,2.684960445221862,41.15574924454392,2947.266,76.65
B0005,116,24,1.417429032731308,2.669922120529456,41.03237216951879,2937.984,76.35
B0005,117,24,1.412409228794446,2.664105530655056,40.937269906716935,2929.125,76.08
B0005,118,24,1.412578792940193,2.634098605983684,41.240704611971786,2928.454,76.09
B0005,119,24,1.4075983731469897,2.68378702970616,41.43649987692296,2929.375,75.82
B0005,120,24,1.4333920485221476,2.660031949282934,41.16703904201915,2946.031,77.21
B0005,121,24,1.4382550176792908,2.650011641082063,41.36216559728765,2955.438,77.47
B0005,122,24,1.4173547174485526,2.6936969083341418,41.02198772703674,2937.625,76.35
B0005,123,24,1.406981663677643,2.697073130067154,40.78818812957494,2929.078,75.79
B0005,124,24,1.4012037783587625,2.6806995515145213,40.81506138506309,2918.375,75.48
B0005,125,24,1.3967008232726328,2.6695398084864568,40.858374219876424,2919.812,75.23
B0005,126,24,1.391284788852726,2.671695307817951,40.839876773287166,2900.422,74.94
B0005,127,24,1.3862287677978349,2.661289185949965,40.85376069244676,2901.375,74.67
B0005,128,24,1.3804366761974138,2.667817533540102,40.74795214258888,2901.187,74.36
B0005,129,24,1.3752364150256224,2.684008069130594,40.68794001196382,2891.64,74.08
B0005,130,24,1.3705128024895008,2.6585256208771644,40.7810749453613,2882.906,73.82
B0005,131,24,1.3705085566270399,2.6372250579822927,40.88159339768709,2883.265,73.82
B0005,132,24,1.3647355108681518,2.6514257735606432,40.81191473576834,2882.969,73.51
B0005,133,24,1.375392016895762,2.676384659108382,41.11793533148924,2891.656,74.09
B0005,134,24,1.3861115151535393,2.6949138502817815,41.248795355864885,2901.25,74.66
B0005,135,24,1.3698500035838939,2.6973343716306273,41.16242984455477,2891.703,73.79
B0005,136,24,1.3647827949260758,2.642540259937964,41.16437554618679,2883.016,73.51
B0005,137,24,1.3543220466259964,2.699226257883075,40.864216180205034,2873.453,72.95
B0005,138,24,1.3546417018378962,2.676480329780849,41.25434553511566,2874.031,72.97
B0005,139,24,1.3547039213192407,2.642142168479886,41.45023191903855,2874.234,72.97
B0005,140,24,1.349314997503458,2.644725254926797,41.27708509224051,2864.984,72.68
B0005,141,24,1.3441891937970554,2.632270655366611,41.064605154983276,2855.093,72.4
B0005,142,24,1.3389913790695755,2.6391006118876117,40.99284868101728,2855.625,72.12
B0005,143,24,1.3389145230206971,2.637841830893275,41.29040553417739,2855.594,72.12
B0005,144,24,1.3340066759761655,2.668286095904868,41.22740227746052,2847.437,71.86
B0005,145,24,1.3286444309174914,2.6490198126838553,41.04619550953222,2847.36,71.57
B0005,146,24,1.3231708992276219,2.664058512378051,40.85874389007758,2837.328,71.27
B0005,147,24,1.3181691588445197,2.6883611693898826,40.79196924883506,2837.281,71.0
B0005,148,24,1.3184664436640334,2.6869753836302124,41.14127834456325,2838.515,71.02
B0005,149,24,1.318293040102702,2.6507536817766586,41.14429319149828,2828.328,71.01
B0005,150,24,1.323872422244268,2.6646322789106516,40.66184230912503,2838.265,71.31
B0005,151,24,1.3601216766554785,2.6400211837268666,41.046694544970684,2864.547,73.26
B0005,152,24,1.3395306867947354,2.674198661305034,41.0462053156659,2846.39,72.15
B0005,153,24,1.3290286565120697,2.696427051131168,40.868302643225604,2837.969,71.59
B0005,154,24,1.3236741274998955,2.6928340297696836,40.85283588259973,2838.156,71.3
B0005,155,24,1.318633896753293,2.681747855329962,40.85270645265791,2829.843,71.03
B0005,156,24,1.3134751321324272,2.696791414385091,40.8263251809212,2829.625,70.75
B0005,157,24,1.3132020634442203,2.664695973142795,40.90308836809665,2819.437,70.74
B0005,158,24,1.3077959946944353,2.679191623358613,40.84337405460518,2819.579,70.44
B0005,159,24,1.3030329186405918,2.699983457940659,40.81792110626284,2810.672,70.19
B0005,160,24,1.3033573559038205,2.666300786624286,40.946993847659506,2811.485,70.21
B0005,161,24,1.3034100438655642,2.6308501373847837,41.074938058306316,2802.422,70.21
B0005,162,24,1.2978870806495706,2.673348140468748,41.02476444658572,2801.625,69.91
B0005,163,24,1.2980735056918902,2.632763831012711,41.06214198725253,2802.031,69.92
B0005,164,24,1.293463613844243,2.6687371180046218,40.98366325567302,2793.39,69.67
B0005,165,24,1.288003392619118,2.696396337945361,40.98234242711097,2793.39,69.38
B0005,166,24,1.2874525221379407,2.6794834862925194,41.06375085817118,2792.485,69.35
B0005,167,24,1.3090153642307354,2.6787137407179737,41.047029587744966,2802.016,70.51
B0005,168,24,1.3250793286429356,2.655378369801326,41.051007697556734,2820.39,71.38
B0006,1,24,2.035337591005598,2.4757677568281857,39.16298653238707,3690.234,100.0
B0006,2,24,2.0251402460314116,2.35152551190002,39.2462026826329,3672.344,99.5
B0006,3,24,2.013326371345464,2.4404797151065436,38.999202460252846,3651.641,98.92
B0006,4,24,2.0132846655407413,2.4791558539003917,38.843627771866515,3631.563,98.92
B0006,5,24,2.000528337624771,2.280187848173442,38.97798888258284,3629.172,98.29
B0006,6,24,2.0138990759931645,2.4392842568466446,38.83989920742278,3652.281,98.95
B0006,7,24,2.013101105626967,2.2812068449406446,39.04610837498471,3650.828,98.91
B0006,8,24,1.9687898262728398,2.366410527029613,38.87507521022778,3572.453,96.73
B0006,9,24,1.9681661764334244,2.436020049578708,38.7260539826455,3550.594,96.7
B0006,10,24,1.9572307917560536,2.1864377487643725,38.98629728904917,3551.25,96.16
B0006,11,24,1.9455991514129352,2.3406023605912454,38.65978861919643,3530.25,95.59
B0006,12,24,1.9347505044841131,2.4263021374140443,38.84979195732924,3491.016,95.06
B0006,13,24,1.9232799539368028,2.4753697700007034,38.75128344015104,3470.281,94.49
B0006,14,24,1.911889930948487,2.342364523655007,38.76853764058789,3470.0,93.93
B0006,15,24,1.9010667141979305,2.188400081882664,38.84686112344348,3450.297,93.4
B0006,16,24,1.8891989948061458,2.1206980945954057,38.865889781652804,3429.407,92.82
B0006,17,24,1.878278372248849,2.369981457799298,38.647578733807656,3409.484,92.28
B0006,18,24,1.8675697161520206,2.247991649924625,38.79218188173866,3390.422,91.76
B0006,19,24,1.8675892574453767,2.4115317107898875,38.77022223929529,3390.281,91.76
B0006,20,24,1.979626548250818,2.2033558468593775,37.54320599748628,3591.734,97.26
B0006,21,24,1.9575499080884022,2.35887751155593,37.90362577530197,3552.297,96.18
B0006,22,24,1.9458150170787551,2.218672914041916,37.6701605139887,3531.578,95.6
B0006,23,24,1.9242461121680094,2.339723057947995,37.34166959188387,3492.907,94.54
B0006,24,24,1.9459811331421641,2.3997508208942735,37.28979017254232,3511.594,95.61
B0006,25,24,1.901407930553079,2.491410879472442,37.16794481484507,3431.9370000000054,93.42
B0006,26,24,1.878674213680085,2.1387303309558976,37.51577848501052,3431.125,92.3
B0006,27,24,1.8683061328264219,2.346064498302046,37.24165964092258,3412.406,91.79
B0006,28,24,1.8560244070082998,2.327337743316428,37.27233216178077,3410.688,91.19
B0006,29,24,1.8451997961855777,2.4863117233366316,37.207134503019795,3410.718,90.66
B0006,30,24,1.857228890885317,2.2921663510920895,37.49607769896255,3392.719,91.25
B0006,31,24,1.9247760889090635,2.4343006861812118,37.250073961181094,3470.672,94.57
B0006,32,24,1.8822317526092551,2.472619908000758,37.39699052067588,3414.109,92.48
B0006,33,24,1.855276687885587,2.403422072720937,37.2852066420257,3395.219,91.15
B0006,34,24,1.8392508917181876,2.4006679782182205,37.080390421974414,3386.0,90.37
B0006,35,24,1.8185396073994429,2.3194299432177345,36.98024266357476,3368.187,89.35
B0006,36,24,1.8134770059567056,2.3401731734980076,37.598741245467004,3368.266,89.1
B0006,37,24,1.7971018450305436,2.3829603510808774,37.33680914521836,3358.719,88.3
B0006,38,24,1.7810046294120476,2.351855540704836,37.39499820465976,3339.5,87.5
B0006,39,24,1.7710130422682329,2.3535104841115886,37.35233964342659,3331.265,87.01
B0006,40,24,1.7604712448170943,2.3948058223938364,37.58677381866742,3321.188,86.5
B0006,41,24,1.7502913788006587,2.4418858444380294,38.207044569893476,3321.844,86.0
B0006,42,24,1.7394925037732578,2.391848815367812,38.340431886092745,3311.828,85.46
B0006,43,24,1.7546766553637203,2.3166154227865463,38.521539672721865,3327.391,86.21
B0006,44,24,1.7659390941842175,2.4110989960643794,38.03707160241571,3312.078,86.76
B0006,45,24,1.7337887419624838,2.4510125175432287,37.934285687720596,3293.172,85.18
B0006,46,24,1.713325912040734,2.471216186082459,37.88470784051604,3275.328,84.18
B0006,47,24,1.7024077813673466,2.470968641396993,38.065368726791895,3265.016,83.64
B0006,48,24,1.82371946178183,2.4288023941361625,39.788440481350335,3328.937,89.6
B0006,49,24,1.8081284050314708,2.3551430866643166,39.212903178007906,3329.266,88.84
B0006,50,24,1.7757610945034283,2.365933525789291,38.66937823121345,3301.579,87.25
B0006,51,24,1.7447409841836798,2.3481961394586457,38.5170065164806,3283.563,85.72
B0006,52,24,1.729207034132373,2.46945948630322,38.292505299491516,3275.125,84.96
B0006,53,24,1.7081086552553244,2.4666715880697576,38.52091685291118,3265.656,83.92
B0006,54,24,1.6975954237461768,2.4482931262785135,38.95436345473558,3266.093,83.41
B0006,55,24,1.6820634524029463,2.4745215382882586,38.731363854696035,3257.594,82.64
B0006,56,24,1.6714768322295086,2.469127855241356,38.74827601131975,3248.593,82.12
B0006,57,24,1.6607591387047655,2.4177173347922416,38.84227056628921,3238.766,81.6
B0006,58,24,1.651121015038069,2.3775131079338427,39.221381996208315,3240.14,81.12
B0006,59,24,1.6401349256190927,2.443723814618984,39.466510899162515,3230.109,80.58
B0006,60,24,1.6291999416165441,2.4324278256917147,39.352653481724175,3229.7810000000027,80.05
B0006,61,24,1.6088496302961666,2.494085641889116,39.31890647034385,3212.469,79.05
B0006,62,24,1.6035244898969248,2.382347172890769,39.47196886600465,3213.219,78.78
B0006,63,24,1.5989712144027983,2.406668297987779,39.74009698783903,3203.578,78.56
B0006,64,24,1.5876273123575604,2.4204142690378765,39.03600072360686,3195.125,78.0
B0006,65,24,1.5829719744686166,2.4507845245525193,39.16106395962828,3195.3129999999946,77.77
B0006,66,24,1.567137636713563,2.3930328819230717,39.20051799483514,3186.297,77.0
B0006,67,24,1.5613446139713882,2.3938995980718403,39.15878418316098,3176.438,76.71
B0006,68,24,1.5511711892790419,2.4373294683003053,39.18225956809825,3167.593,76.21
B0006,69,24,1.5406741606295171,2.3705330061374523,39.38159156766375,3167.719,75.7
B0006,70,24,1.5253138744624433,2.351294851260762,39.44712875501599,3159.077999999994,74.94
B0006,71,24,1.5301570318067428,2.436845595522602,39.40950590627068,3148.829,75.18
B0006,72,24,1.5246566834474087,2.39030487147494,39.48443326993031,3149.094,74.91
B0006,73,24,1.5145492986655427,2.4892160721496315,39.4416762582387,3140.547,74.41
B0006,74,24,1.509391504602082,2.450611393803655,39.53866201326228,3131.625,74.16
B0006,75,24,1.5039974333050705,2.4111946043456745,39.5867547936938,3121.907,73.89
B0006,76,24,1.4935201918040188,2.4609139768640715,39.499752884420865,3122.125,73.38
B0006,77,24,1.4876323024497422,2.378420264362521,39.9686395722832,3121.672,73.09
B0006,78,24,1.5302876214401704,2.3844697219937414,40.42668250871336,3120.86,75.19
B0006,79,24,1.5040760088360112,2.448639661640692,40.02451449021777,3103.828,73.9
B0006,80,24,1.4887593608730894,2.362869757217078,40.02167483360719,3095.094,73.15
B0006,81,24,1.4782779285546637,2.479712742728869,40.078211781584145,3095.781,72.63
B0006,82,24,1.478459982215684,2.4609902569842412,40.565789328351094,3094.328,72.64
B0006,83,24,1.473214844899973,2.4794507375590507,40.75221353269305,3086.531,72.38
B0006,84,24,1.4675164935067897,2.421513989921717,40.71162611325717,3085.625,72.1
B0006,85,24,1.4516292657521335,2.3927989623544175,40.58721297402195,3067.203,71.32
B0006,86,24,1.4519237720967177,2.410475236770924,40.37035790264624,3058.157,71.34
B0006,87,24,1.4471484694777745,2.4915333699239977,40.667923693760464,3058.812,71.1
B0006,88,24,1.4468538105659885,2.444861994529003,40.990356883952465,3058.578,71.09
B0006,89,24,1.4416741930284678,2.4840755398082255,40.997744028174516,3049.328,70.83
B0006,90,24,1.5935866593100128,2.479017302613424,40.77265883698999,3177.219,78.3
B0006,91,24,1.5463902376915637,2.4820670710190385,40.522204934304625,3082.937,75.98
B0006,92,24,1.51470559175661,2.452449045714353,40.57746834859555,3074.266,74.42
B0006,93,24,1.4989786083335404,2.4198491932573414,40.516963879873735,3066.0,73.65
B0006,94,24,1.4831110745410492,2.4706823501191706,40.34325381638243,3056.437,72.87
B0006,95,24,1.4729664825468278,2.413759774558071,40.39341126895154,3048.219,72.37
B0006,96,24,1.4627604396099307,2.4562499847243027,40.46341487442664,3039.218,71.87
B0006,97,24,1.4518364681062514,2.401794655879554,40.5818264138806,3039.047,71.33
B0006,98,24,1.4468670644030392,2.4087687236133313,40.61670777074496,3030.375,71.09
B0006,99,24,1.441380399427779,2.4308118485818704,40.631647661681036,3021.0,70.82
B0006,100,24,1.431210744960774,2.398886415333129,40.74323383889164,3021.75,70.32
B0006,101,24,1.4260247179525716,2.3814379490849835,40.81715493531611,3012.265,70.06
B0006,102,24,1.420487649966195,2.459885297095542,40.72877617289365,3002.641,69.79
B0006,103,24,1.4207006230355006,2.4007285025453995,41.45494452672042,3012.0,69.8
B0006,104,24,1.452255804330839,2.472830716079143,41.39678877103747,3020.11,71.35
B0006,105,24,1.431557632772571,2.467318928642863,41.36669473718026,3002.172000000006,70.34
B0006,106,24,1.415015751158943,2.3692462667540997,41.37787352037061,2992.703,69.52
B0006,107,24,1.4097311506517451,2.4482618595124874,41.140956091698214,2964.468,69.26
B0006,108,24,1.404917318129309,2.4598632768748825,41.2168813199875,2983.375,69.03
B0006,109,24,1.395164296571563,2.497869764845928,41.40391881889191,2975.297,68.55
B0006,110,24,1.3945343832614077,2.472236707252471,41.586571331198584,2974.9850000000006,68.52
B0006,111,24,1.3893171179312644,2.4278749904763077,41.43504077863728,2966.25,68.26
B0006,112,24,1.3838379472327809,2.4275905200235055,41.37436880579148,2956.359,67.99
B0006,113,24,1.3736814238195123,2.37337869163978,41.66477948989921,2956.344,67.49
B0006,114,24,1.3786059891863676,2.4248604132549767,41.81816829502593,2956.406,67.73
B0006,115,24,1.3737600299108574,2.426962848243194,41.686647000781186,2947.266,67.5
B0006,116,24,1.3682580583942712,2.417287750352038,41.565382893773936,2937.984,67.23
B0006,117,24,1.3633024037317505,2.4185087281747166,41.46394809540406,2929.125,66.98
B0006,118,24,1.3580966140172601,2.480937393224248,41.6123634180086,2928.454,66.73
B0006,119,24,1.353269090999531,2.4078214169511205,42.0075404495327,2929.375,66.49
B0006,120,24,1.3841605738237488,2.433234589649132,41.61679232360952,2946.031,68.01
B0006,121,24,1.4051467790651473,2.440822893388958,41.80245062827161,2955.438,69.04
B0006,122,24,1.378719022627353,2.396078253891397,41.653004783464006,2937.625,67.74
B0006,123,24,1.3682657783199066,2.449306948268824,41.36061809844917,2929.078,67.23
B0006,124,24,1.3573151296618016,2.384185417166802,41.42815616511055,2918.375,66.69
B0006,125,24,1.3524934638801596,2.4440756213040964,41.343265645039,2919.812,66.45
B0006,126,24,1.3474099151661236,2.4296014294774673,41.38118673567723,2900.422,66.2
B0006,127,24,1.3370075130842318,2.41022288115442,41.378450473707446,2901.375,65.69
B0006,128,24,1.3312352966718526,2.4098927032454966,41.306600641009794,2901.187,65.41
B0006,129,24,1.3259303781727643,2.453938411405305,41.204081036719124,2891.64,65.15
B0006,130,24,1.321578743867529,2.3940396792395253,41.32955629442644,2882.906,64.93
B0006,131,24,1.321225074066109,2.45134737470238,41.300370296451625,2883.265,64.91
B0006,132,24,1.3156485301862682,2.475014603796582,41.243646229563595,2882.969,64.64
B0006,133,24,1.3209025697502388,2.4569179775419294,41.36464929786556,2891.656,64.9
B0006,134,24,1.3474328767273906,2.438240626221148,40.89285784811417,2901.25,66.2
B0006,135,24,1.3260128072353616,2.4946397780995584,40.652964511118334,2891.703,65.15
B0006,136,24,1.3101186784831063,2.4367455144223555,40.58410707337388,2883.016,64.37
B0006,137,24,1.30521620229393,2.4858689968085326,40.322783635307104,2873.453,64.13
B0006,138,24,1.3004061951355774,2.3957550201907916,40.78032921971219,2874.031,63.89
B0006,139,24,1.300235735841116,2.4504684570147006,40.85731522464202,2874.234,63.88
B0006,140,24,1.2895066722480755,2.3942028718004007,40.74860220857894,2864.984,63.36
B0006,141,24,1.279253057384795,2.4303844034459368,40.472276230208436,2855.093,62.85
B0006,142,24,1.2792078171714618,2.4755630989048205,40.28187574900838,2855.625,62.85
B0006,143,24,1.274036760902923,2.446712151873903,40.637565231244686,2855.594,62.6
B0006,144,24,1.2741273923001468,2.4607112018206894,40.64243349478575,2847.437,62.6
B0006,145,24,1.2637639426440779,2.4619788522973796,40.38713367022122,2847.36,62.09
B0006,146,24,1.2581373688955233,2.4999079970509284,40.15316398972329,2837.328,61.81
B0006,147,24,1.253259864055301,2.4061574188511727,40.26211669866818,2837.281,61.58
B0006,148,24,1.2532313315493426,2.40921365026611,40.65437976632703,2838.515,61.57
B0006,149,24,1.2480874960313577,2.4705399687343235,40.41021687551566,2828.328,61.32
B0006,150,24,1.2534354284944844,2.4996841687041944,40.49521984011741,2838.265,61.58
B0006,151,24,1.2898048773266901,2.4839695531514434,41.357879741754175,2864.547,63.37
B0006,152,24,1.2635402021758835,2.4675402264113453,41.37902988743146,2846.39,62.08
B0006,153,24,1.2479761706842853,2.4946438160388325,41.20920760771975,2837.969,61.32
B0006,154,24,1.2321202877943334,2.4577382116375843,41.20630554355683,2838.156,60.54
B0006,155,24,1.2271137666213534,2.40986495422137,41.28239317323536,2829.843,60.29
B0006,156,24,1.2217397581377356,2.479418189447868,41.1595683576961,2829.625,60.03
B0006,157,24,1.211102678915174,2.434585389303289,41.230427315370186,2819.437,59.5
B0006,158,24,1.2056159765131735,2.425682710641569,41.21487873613708,2819.579,59.23
B0006,159,24,1.2008936262717274,2.417924401749313,41.27439823262361,2810.672,59.0
B0006,160,24,1.1905903985558335,2.4541577949851603,41.237668013317766,2811.485,58.5
B0006,161,24,1.185179251041941,2.463616101176541,41.24068073261839,2802.422,58.23
B0006,162,24,1.1796706818144624,2.470375229475307,41.28133907077437,2801.625,57.96
B0006,163,24,1.1745952836753915,2.4357634426689945,41.28338645880181,2802.031,57.71
B0006,164,24,1.15381833159625,2.481190011798763,41.149193043289586,2793.39,56.69
B0006,165,24,1.1644009557372264,2.491537251958465,41.26268252018065,2793.39,57.21
B0006,166,24,1.1587974947916069,2.40904100737121,41.45791806300034,2792.485,56.93
B0006,167,24,1.1749748834769171,2.475767645530351,41.11666214070682,2802.016,57.73
B0006,168,24,1.1856752327929356,2.4160441724133666,41.36263766174168,2820.39,58.25
B0007,1,24,1.89105229539079,2.145975766935391,40.59042914535701,3690.234,100.0
B0007,2,24,1.880637027686859,2.1110166987852117,40.26023408628707,3672.344,99.45
B0007,3,24,1.8806626717011388,2.0251085128182655,40.27558633997852,3651.641,99.45
B0007,4,24,1.8807709009833444,1.922542180649595,40.29314715799111,3631.563,99.46
B0007,5,24,1.8794508728285058,1.8711590450649882,40.268872630219796,3629.172,99.39
B0007,6,24,1.8807003517117404,2.1756867065903434,39.67620802332074,3652.281,99.45
B0007,7,24,1.8799352523566075,2.1117887156019437,39.803817662926164,3650.828,99.41
B0007,8,24,1.8815088124038797,2.026250619894166,39.88810476942348,3572.453,99.5
B0007,9,24,1.8696907870385844,1.9505894332906037,39.95162250671474,3550.594,98.87
B0007,10,24,1.870052380139199,1.8688247067658061,40.052021854718284,3551.25,98.89
B0007,11,24,1.8700442394188577,1.7896213776724978,40.1213838436794,3530.25,98.89
B0007,12,24,1.8596518987766364,1.910336108594535,40.174657039770814,3491.016,98.34
B0007,13,24,1.8590746560862206,1.9086884059809102,40.016434730174936,3470.281,98.31
B0007,14,24,1.8590084577709232,1.7868782934275431,40.16569230743226,3470.0,98.31
B0007,15,24,1.8593622586957048,2.1361343961784502,39.46139677634257,3450.297,98.32
B0007,16,24,1.8587355450601035,2.0133501283179167,39.5636595172155,3429.407,98.29
B0007,17,24,1.847817291322145,1.8575547668336483,39.628948319501816,3409.484,97.71
B0007,18,24,1.8485252916137047,2.1657556124208934,39.225347214914876,3390.422,97.75
B0007,19,24,1.848378951850034,2.0270686341513207,39.4126321606434,3390.281,97.74
B0007,20,24,1.8807805437609766,1.905311669649934,39.95874037686836,3591.734,99.46
B0007,21,24,1.8814721597443598,1.7951975189442124,40.31302300333008,3552.297,99.49
B0007,22,24,1.8810954313244785,2.1058524852518143,39.359447242364645,3531.578,99.47
B0007,23,24,1.8710089649779995,1.846021007590992,39.454159451189874,3492.907,98.94
B0007,24,24,1.8701995151941375,1.7370300333706354,39.641748274009444,3511.594,98.9
B0007,25,24,1.8706715362800985,2.0506492642329937,38.86906912217273,3431.9370000000054,98.92
B0007,26,24,1.8596124644020169,1.8254369744762284,39.11839966443177,3431.125,98.34
B0007,27,24,1.860033909718346,2.134879000684994,38.68010761281634,3412.406,98.36
B0007,28,24,1.8591653109160768,1.970455493406623,38.863045678198645,3410.688,98.31
B0007,29,24,1.8481398178778288,1.8132694309760007,39.14531169811219,3410.718,97.73
B0007,30,24,1.849201702126164,2.0483657324095637,38.8380564174779,3392.719,97.79
B0007,31,24,1.8834677437950846,2.181560983985832,38.95965174080089,3470.672,99.6
B0007,32,24,1.8628211117905844,2.1177799354077496,39.053875772291974,3414.109,98.51
B0007,33,24,1.852085039652352,2.1637448793153697,38.699551697978606,3395.219,97.94
B0007,34,24,1.8469504648208708,2.0456561472058055,38.6052414906155,3386.0,97.67
B0007,35,24,1.836828431169018,2.1356202266992863,38.42604747702835,3368.187,97.13
B0007,36,24,1.8371619619672275,2.042987153745025,39.0468968949422,3368.266,97.15
B0007,37,24,1.8316722583718854,1.9786162394118947,38.836764958613884,3358.719,96.86
B0007,38,24,1.8211470951317783,2.15845357648832,38.49981470604549,3339.5,96.3
B0007,39,24,1.816506091511515,2.092603698932653,38.582340147970775,3331.265,96.06
B0007,40,24,1.8113815601504555,2.1528886431678034,38.787499833494046,3321.188,95.79
B0007,41,24,1.8116056333939583,2.0537418826405966,39.31221126031847,3321.844,95.8
B0007,42,24,1.8060548955557403,2.0793300586339956,39.40567993360536,3311.828,95.51
B0007,43,24,1.8132041826994056,2.0759793304520757,39.32802757827611,3327.391,95.88
B0007,44,24,1.8062641938283535,2.0674349483094465,38.6112528181758,3312.078,95.52
B0007,45,24,1.7958310249900458,2.037264031192436,38.569726951286874,3293.172,94.96
B0007,46,24,1.7858852600390451,2.1632674190148338,38.34572083526661,3275.328,94.44
B0007,47,24,1.7803268604502753,2.106631526845483,38.482540634946716,3265.016,94.14
B0007,48,24,1.8150756899575577,2.1809272860788376,41.0499421893331,3328.937,95.98
B0007,49,24,1.8157025154845838,2.1773498094527195,40.361944885615415,3329.266,96.02
B0007,50,24,1.8002432178056673,2.180136101967249,39.6676965288026,3301.579,95.2
B0007,51,24,1.7904476205609308,2.1286295199076855,39.481181404811096,3283.563,94.68
B0007,52,24,1.780343032300132,2.155901281560187,39.419051143069204,3275.125,94.15
B0007,53,24,1.775328769596812,2.067103728219671,39.72196117128354,3265.656,93.88
B0007,54,24,1.7702629734732853,2.0619831864543094,40.041366724781085,3266.093,93.61
B0007,55,24,1.760081061854204,2.143037413381466,39.66314441864834,3257.594,93.07
B0007,56,24,1.749647593537689,1.9929057988209282,39.84751541049116,3248.593,92.52
B0007,57,24,1.749650075059311,2.0335961968180234,39.743357771631004,3238.766,92.52
B0007,58,24,1.745028739214683,2.0213017345171265,40.07246786936068,3240.14,92.28
B0007,59,24,1.7396457455286727,2.0789964919635966,40.247716114003914,3230.109,91.99
B0007,60,24,1.7285642277717963,1.9925354808829658,40.27220819224188,3229.7810000000027,91.41
B0007,61,24,1.723900324588418,2.14041602578448,39.89848456781458,3212.469,91.16
B0007,62,24,1.7139788776485192,2.006753861515003,40.0571305311587,3213.219,90.64
B0007,63,24,1.7139701997004613,2.121868132176415,40.240711749549135,3203.578,90.64
B0007,64,24,1.7036521173638766,2.0119648758828452,40.12941739090177,3195.125,90.09
B0007,65,24,1.7040137474382486,2.0744390946376323,40.3959693732437,3195.3129999999946,90.11
B0007,66,24,1.6935716157343033,2.188793384556236,40.18751058333668,3186.297,89.56
B0007,67,24,1.6876577363877656,2.1739523632140685,40.14605167557969,3176.438,89.24
B0007,68,24,1.6830744356583152,2.1783847786257136,40.18846095484838,3167.593,89.0
B0007,69,24,1.6779270142025482,2.191481814157953,40.2789498830108,3167.719,88.73
B0007,70,24,1.6732060275966172,2.1753473356526807,40.310727434969614,3159.077999999994,88.48
B0007,71,24,1.6674367208253988,2.1832922624558813,40.31733812871393,3148.829,88.18
B0007,72,24,1.6622662630667526,2.192864020990023,40.332563430145015,3149.094,87.9
B0007,73,24,1.6574243065763063,2.1560972126643922,40.431258866851486,3140.547,87.65
B0007,74,24,1.652538684928734,2.138540138129487,40.46247985933005,3131.625,87.39
B0007,75,24,1.6472174627573322,2.1646493163558524,40.40103455658551,3121.907,87.11
B0007,76,24,1.6364136810898071,2.1187211383693167,40.4426971996319,3122.125,86.53
B0007,77,24,1.6362554312048496,2.1377868706438155,40.26214977673693,3121.672,86.53
B0007,78,24,1.641119179218384,2.103155697792567,40.645668361956844,3120.86,86.78
B0007,79,24,1.6315700789656966,2.186737546753024,39.95209030011925,3103.828,86.28
B0007,80,24,1.621213282987236,2.1007747911593695,40.165034583244065,3095.094,85.73
B0007,81,24,1.6164273214762122,2.1417010068719846,40.36674175781141,3095.781,85.48
B0007,82,24,1.615823510161921,2.0912297625621297,40.88269125311642,3094.328,85.45
B0007,83,24,1.61672418029789,2.1663009505205935,40.856332202254556,3086.531,85.49
B0007,84,24,1.6108655863730026,2.1843637809529235,40.778024611598504,3085.625,85.18
B0007,85,24,1.6006603374309376,2.113995772639173,40.5829305350897,3067.203,84.64
B0007,86,24,1.5959174487005663,2.0287779476202195,40.6345689985191,3058.157,84.39
B0007,87,24,1.5962179519462243,2.1948906641943635,40.75070125010339,3058.812,84.41
B0007,88,24,1.5958065114633972,2.1621122251410005,41.0672419235651,3058.578,84.39
B0007,89,24,1.5906507821480704,2.0092802451741245,41.40590880756584,3049.328,84.11
B0007,90,24,1.6888211161855506,2.144268362237989,41.01558674901627,3177.219,89.31
B0007,91,24,1.6259938279733204,2.0962813773920193,41.31851435911838,3082.937,85.98
B0007,92,24,1.6157433862812898,2.0376560852489356,41.4002950560853,3074.266,85.44
B0007,93,24,1.6056626764846538,2.050265845971926,41.2508092329952,3066.0,84.91
B0007,94,24,1.5949746921524348,2.1421639870693685,40.95362783962595,3056.437,84.34
B0007,95,24,1.5904102438871945,2.093098662464846,40.989022190981714,3048.219,84.1
B0007,96,24,1.5853517062988178,2.109503853325003,41.02622774121347,3039.218,83.83
B0007,97,24,1.5799737147242376,2.1295447836320704,41.01371342582121,3039.047,83.55
B0007,98,24,1.5752185465278068,2.138556110583413,41.04923314430273,3030.375,83.3
B0007,99,24,1.569798484648868,2.1437793669909317,41.05277512550887,3021.0,83.01
B0007,100,24,1.5702565375950357,2.199196544880164,41.02092182377061,3021.75,83.04
B0007,101,24,1.565249873909438,2.0252901014990434,41.34840278359994,3012.265,82.77
B0007,102,24,1.559633933561147,2.0874226328484515,41.23753665797544,3002.641,82.47
B0007,103,24,1.5649820533392105,2.0863200514042264,41.21700308433066,3012.0,82.76
B0007,104,24,1.57497949984227,2.0588247910323827,41.89753189273277,3020.11,83.29
B0007,105,24,1.5652811168780458,2.007722684403967,41.90270996402953,3002.172000000006,82.77
B0007,106,24,1.559755497470126,2.190682586389996,41.48233804274523,2992.703,82.48
B0007,107,24,1.549897685670499,2.008435320437976,41.641162265997195,2964.468,81.96
B0007,108,24,1.5438771531345021,2.1646360641399958,41.433877603827945,2983.375,81.64
B0007,109,24,1.5450187488690073,2.0647427536919833,41.8543569979417,2975.297,81.7
B0007,110,24,1.5445940154102908,2.170172617792397,41.78271326384125,2974.9850000000006,81.68
B0007,111,24,1.5343086721758876,2.120750718982474,41.62744766181303,2966.25,81.14
B0007,112,24,1.5287603942958483,2.13627215665258,41.552128441464966,2956.359,80.84
B0007,113,24,1.5289260249179843,2.0938572364769055,41.839167194182565,2956.344,80.85
B0007,114,24,1.529091650133123,1.9959465760122976,42.23998716092915,2956.406,80.86
B0007,115,24,1.5239059324661248,2.0305769860653866,42.040902384977116,2947.266,80.59
B0007,116,24,1.5186675419100615,2.0758803797636745,41.803429062834496,2937.984,80.31
B0007,117,24,1.5136482266426952,2.0793549048242492,41.6886924602386,2929.125,80.04
B0007,118,24,1.5136050185229033,2.0585109366080414,41.988171601182124,2928.454,80.04
B0007,119,24,1.5139470614867965,2.0253107306977376,42.33252236723314,2929.375,80.06
B0007,120,24,1.5339599193158786,2.0069579017420067,41.63553796804361,2946.031,81.12
B0007,121,24,1.5391372798653098,2.19792648712031,41.470498076928735,2955.438,81.39
B0007,122,24,1.5236247972838737,2.0299415196572554,41.54038193238441,2937.625,80.57
B0007,123,24,1.5135813035589147,2.1171503915767786,41.13947017697289,2929.078,80.04
B0007,124,24,1.5077850749847914,2.1309899052747716,41.09041922644824,2918.375,79.73
B0007,125,24,1.5031960676037333,2.1294318317485654,41.10034021580957,2919.812,79.49
B0007,126,24,1.4978220596995881,2.164511453629433,41.03075447325996,2900.422,79.21
B0007,127,24,1.492848534633516,2.1743012710834013,40.99688397371006,2901.375,78.94
B0007,128,24,1.492414389867026,2.1928976284966537,40.88481342461614,2901.187,78.92
B0007,129,24,1.487482776538081,2.0298495899147295,41.09400879501426,2891.64,78.66
B0007,130,24,1.482535148640411,2.0959492247836815,41.01377835587309,2882.906,78.4
B0007,131,24,1.4827874322228984,2.177723491219515,40.90635248178393,2883.265,78.41
B0007,132,24,1.476971179775059,2.056251340337525,41.06596192416311,2882.969,78.1
B0007,133,24,1.4819015554137276,2.1512510632923165,40.84520330629611,2891.656,78.36
B0007,134,24,1.4981366198874824,2.1693699073642034,41.12807910254104,2901.25,79.22
B0007,135,24,1.4820775214392872,2.116759239247948,41.094988453128494,2891.703,78.37
B0007,136,24,1.4771155312812152,2.009424225590032,41.11877573165318,2883.016,78.11
B0007,137,24,1.4720772783056488,2.0034792344341588,40.980034990626955,2873.453,77.84
B0007,138,24,1.472248013656454,2.172988732474185,41.017509953482886,2874.031,77.85
B0007,139,24,1.4670106672274665,2.087464676179042,41.299420742573055,2874.234,77.58
B0007,140,24,1.4617672495335379,2.110564313669325,41.105738037939375,2864.984,77.3
B0007,141,24,1.4566952670489708,2.0724687293779813,40.87704013237699,2855.093,77.03
B0007,142,24,1.451354972758956,2.1253826973270513,40.730219862268235,2855.625,76.75
B0007,143,24,1.451615926257375,2.1147331324879475,41.03226257370644,2855.594,76.76
B0007,144,24,1.4468161332173683,2.1738445330859366,40.89527781087817,2847.437,76.51
B0007,145,24,1.4467570607768785,1.9947266977360072,41.02491521192672,2847.36,76.51
B0007,146,24,1.4413797481446793,2.0033802121225017,40.815968345794715,2837.328,76.22
B0007,147,24,1.4362456252208178,2.116470909151213,40.65138669632271,2837.281,75.95
B0007,148,24,1.4368154153924828,2.051877342511651,40.965385542419945,2838.515,75.98
B0007,149,24,1.4362945145860047,2.003221375307111,41.11319128215138,2828.328,75.95
B0007,150,24,1.4418575315878015,1.9865974995249178,40.78738321989129,2838.265,76.25
B0007,151,24,1.4672063484781797,2.1908121182442706,40.73001188190229,2864.547,77.59
B0007,152,24,1.4518640367848885,2.033261415031626,40.990354594470126,2846.39,76.78
B0007,153,24,1.4471379752748499,2.19135439601875,40.62521315513875,2837.969,76.53
B0007,154,24,1.441790586562399,2.1840705012733683,40.58944296824891,2838.156,76.24
B0007,155,24,1.431630947911111,2.1664368343684446,40.584393586876246,2829.843,75.71
B0007,156,24,1.4318084249673686,1.987193667465448,40.884444140401214,2829.625,75.71
B0007,157,24,1.4262562585106868,2.1314172797434523,40.65159637790841,2819.437,75.42
B0007,158,24,1.4260877528924913,2.188995882590831,40.53138082339522,2819.579,75.41
B0007,159,24,1.4212633510031694,2.0322464946417114,40.821433488540606,2810.672,75.16
B0007,160,24,1.4163272748795108,2.1695130053947387,40.643362943412974,2811.485,74.9
B0007,161,24,1.4165781829175994,1.9917978280585305,40.97063567014205,2802.422,74.91
B0007,162,24,1.4108401729425177,2.1534486462617073,40.74888323397497,2801.625,74.61
B0007,163,24,1.4109949628347804,2.0101572712330453,40.93461596721165,2802.031,74.61
B0007,164,24,1.4061714290398801,2.132718741006573,40.74175890345818,2793.39,74.36
B0007,165,24,1.4063358479692922,2.0114763339798887,41.00964443691023,2793.39,74.37
B0007,166,24,1.4004552399066514,2.1610456063312298,40.80558697887537,2792.485,74.06
B0007,167,24,1.4217865046055154,2.0143553387267827,40.92586026351328,2802.016,75.18
B0007,168,24,1.4324552720625434,2.1732119934933296,40.57390100608222,2820.39,75.75
B0018,1,24,1.8550045207910817,2.4721608434600437,38.10180309676608,3434.891,100.0
B0018,2,24,1.8431955317089987,2.4114381994148304,38.14987995994155,3425.485,99.36
B0018,3,24,1.8396018424355423,2.394395968141027,37.5266914843442,3410.375,99.17
B0018,4,24,1.8306736044962053,2.3999481734774424,37.06279237079503,3404.719,98.69
B0018,5,24,1.8327002069419656,2.3851461229395867,38.2110354381278,3417.641,98.8
B0018,6,24,1.8285288846046388,2.3716770708389117,38.17496505957075,3411.766,98.57
B0018,7,24,1.8212011895697924,2.4964491577040793,37.64038685475582,3399.516,98.18
B0018,8,24,1.8151700106433282,2.4374506721131883,37.37602884738843,3388.75,97.85
B0018,9,24,1.8042980520967649,2.4152206992194847,37.28928029078695,3380.406,97.27
B0018,10,24,1.8231002302844226,2.377432309524995,37.52377766578506,3404.141,98.28
B0018,11,24,1.8121253520255494,2.3887487262583647,37.72420412562674,3396.141,97.69
B0018,12,24,1.8046916382117766,2.432289857016922,37.41366095304306,3384.094,97.29
B0018,13,24,1.790844349786295,2.497495633221204,36.94724908852665,3370.656,96.54
B0018,14,24,1.783470722841926,2.478768686108376,36.707091312059944,3357.797,96.14
B0018,15,24,1.7809386125310702,2.3858494078680206,37.13061214416645,3363.015,96.01
B0018,16,24,1.771209039672698,2.372854084449551,37.686600065941576,3357.734,95.48
B0018,17,24,1.7686303996707076,2.4086912736769084,37.633580732302406,3344.187,95.34
B0018,18,24,1.7536304801917124,2.496331992137246,37.15252578645951,3339.969,94.54
B0018,19,24,1.7462197416415093,2.4199896352919668,36.78829001793698,3327.641,94.14
B0018,20,24,1.7376647337053737,2.3587321881999297,36.541146197392216,3312.844,93.67
B0018,21,24,1.7315166735475835,2.4458096660548825,36.372087786130464,3302.031,93.34
B0018,22,24,1.7085949894470602,2.3808537751929744,36.52608510498833,3305.547,92.11
B0018,23,24,1.711469957068211,2.436955746154759,36.476252762052624,3289.562,92.26
B0018,24,24,1.7075021373272627,2.4671365731790713,36.377208902376694,3283.797,92.05
B0018,25,24,1.7492382064360228,2.4129371999368505,36.64000948247426,3325.235,94.3
B0018,26,24,1.7327697147429955,2.3497771039810256,37.38165499248184,3317.547,93.41
B0018,27,24,1.7222313328292376,2.4904700018477026,37.59824760372582,3311.766,92.84
B0018,28,24,1.711846298984729,2.4650908929255406,37.560555155163414,3305.218,92.28
B0018,29,24,1.699267835126687,2.363133281953362,37.52114200586718,3295.453,91.6
B0018,30,24,1.6940366439243106,2.4790616361836206,37.21887096740918,3287.0,91.32
B0018,31,24,1.6819027078768087,2.491905723274248,37.33441415744885,3276.922,90.67
B0018,32,24,1.6769770618433686,2.4337177596826547,37.7331798444306,3268.687,90.4
B0018,33,24,1.6655229306478936,2.4424506461535755,37.84649344841882,3260.594,89.79
B0018,34,24,1.6571924575832084,2.4383419399858552,37.670164941661795,3258.812,89.34
B0018,35,24,1.6482241555294048,2.4157245398944123,37.53185198546868,3243.422,88.85
B0018,36,24,1.6387701497987262,2.323395712524894,37.593333753421376,3236.515,88.34
B0018,37,24,1.6276486907262062,2.4985039496028567,37.361410110678264,3230.734,87.74
B0018,38,24,1.62215370227252,2.350237238739749,37.899803246715464,3222.093,87.45
B0018,39,24,1.6140066510467586,2.3337740352348813,38.03149707759718,3220.344,87.01
B0018,40,24,1.6760516154424623,2.317647291087635,37.42220155418978,3250.75,90.35
B0018,41,24,1.649300642552199,2.492394514304757,37.32511174435206,3239.344,88.91
B0018,42,24,1.63238299185809,2.372828310153791,37.31088262198154,3222.25,88.0
B0018,43,24,1.6164159719025777,2.3560703177076867,37.232346556887364,3206.157,87.14
B0018,44,24,1.6109028378249377,2.4644431530094417,36.94850857727268,3197.969,86.84
B0018,45,24,1.5954638693695657,2.4195167274486726,37.002663545357386,3181.625,86.01
B0018,46,24,1.726707440085764,2.3422406504312434,36.71025442949399,3302.36,93.08
B0018,47,24,1.7165673917429753,2.3755467142668496,36.72807623650589,3285.812,92.54
B0018,48,24,1.6958235570934848,2.4146291375325917,36.72959308355185,3260.016,91.42
B0018,49,24,1.6777783190792557,2.3844645496129964,36.787462351640364,3240.031,90.45
B0018,50,24,1.6606586897774192,2.398646371281655,36.75689163314213,3232.265,89.52
B0018,51,24,1.6664109274827466,2.4557130111721626,37.350157630970955,3232.031,89.83
B0018,52,24,1.6468336174407805,2.323665882820083,37.48126030855565,3209.5149999999994,88.78
B0018,53,24,1.6257639928779952,2.488054079510012,37.125443897626305,3196.125,87.64
B0018,54,24,1.6121577411874595,2.3306937114568003,37.19112571388883,3172.562,86.91
B0018,55,24,1.6057366823755344,2.389399831578687,37.17642722353301,3172.735,86.56
B0018,56,24,1.673645314879889,2.4864200723178747,37.11936678632194,3238.109,90.22
B0018,57,24,1.6404348572349936,2.4673631110639858,37.2702464066457,3191.063,88.43
B0018,58,24,1.6132653317422077,2.375173080957567,37.39550861947664,3165.828,86.97
B0018,59,24,1.5920964324686278,2.371626022111289,37.378956702246384,3140.407,85.83
B0018,60,24,1.5866011820698824,2.463955873060647,37.245718322158105,3131.922,85.53
B0018,61,24,1.5800766490336253,2.475545296633258,37.21755583353321,3121.109,85.18
B0018,62,24,1.5641732953289167,2.3791563087604626,37.56150979821064,3105.265,84.32
B0018,63,24,1.555618272193922,2.4776158338943337,37.4174791317661,3091.25,83.86
B0018,64,24,1.5402045278637397,2.4205549690097223,37.55101533655474,3076.703,83.03
B0018,65,24,1.5321613015959863,2.415388497112405,37.59895044072871,3062.328,82.6
B0018,66,24,1.5316232403693415,2.3974205597873093,37.489239782169804,3050.563,82.57
B0018,67,24,1.5222595950771978,2.497752653580319,37.37911114363861,3034.672,82.06
B0018,68,24,1.5065267126851283,2.3726090777895896,37.559604168615785,3031.25,81.21
B0018,69,24,1.5014219556532926,2.36844257542991,37.61805450748922,3011.343,80.94
B0018,70,24,1.4963534117486457,2.331968556073514,37.71101994346608,3003.0,80.67
B0018,71,24,1.5334262000312422,2.4057755306304176,37.767989299214086,3045.187,82.66
B0018,72,24,1.523845267514426,2.4720838848798987,37.91919394450186,3028.469,82.15
B0018,73,24,1.5011920994261239,2.342731326096539,37.99328509003338,3012.937,80.93
B0018,74,24,1.492417671450291,2.4198650452188226,37.984838024989045,2998.875,80.45
B0018,75,24,1.483323851940123,2.438879997223475,37.8288851383529,2983.547,79.96
B0018,76,24,1.4807376792294196,2.430465824271706,37.844837975501,2966.86,79.82
B0018,77,24,1.4735077809902477,2.4907267597860656,37.8984610468502,2954.797,79.43
B0018,78,24,1.46801928526661,2.3678328028644775,38.27784043980244,2945.735,79.14
B0018,79,24,1.4580923557119019,2.3532703553328904,38.24434303919528,2941.375,78.6
B0018,80,24,1.4478660988891399,2.362897904778893,38.06956259266949,2923.953,78.05
B0018,81,24,1.4527808777541982,2.420200016704328,37.81744565252647,2921.031,78.32
B0018,82,24,1.4425356364492432,2.472605886588914,37.902567770354786,2902.75,77.76
B0018,83,24,1.4392712877203313,2.483165462226557,38.16628336469349,2897.875,77.59
B0018,84,24,1.4286475681888218,2.4341986830086237,38.36789486715962,2892.094,77.02
B0018,85,24,1.4249026750004896,2.497859027600416,38.19823604401131,2886.921,76.81
B0018,86,24,1.4698115324524124,2.3747408457948316,38.099982807571635,2942.531,79.23
B0018,87,24,1.4525819651050202,2.3589340839760866,38.214523782841354,2912.469,78.31
B0018,88,24,1.442834198908794,2.4413266342198545,37.939696536164234,2895.594,77.78
B0018,89,24,1.428376058807949,2.311419659807122,38.06666733482501,2884.406,77.0
B0018,90,24,1.4154547844370715,2.4953159238201255,37.63260475617888,2873.766,76.3
B0018,91,24,1.454576670077708,2.4398479869382084,38.18223603956323,2893.375,78.41
B0018,92,24,1.4283179548274056,2.376538319699514,38.3907466519188,2884.9839999999967,77.0
B0018,93,24,1.4197026883204058,2.3722299202290382,38.51622654624205,2870.234,76.53
B0018,94,24,1.4155606630306516,2.361475505115684,38.56612180540248,2864.11,76.31
B0018,95,24,1.405680035419228,2.317937855025735,38.5606541602861,2846.64,75.78
B0018,96,24,1.4084461071166137,2.3372859753156225,38.53842073636507,2839.532,75.93
B0018,97,24,1.3968547782872414,2.3528810264952194,38.548873480234754,2832.703,75.3
B0018,98,24,1.3935670371440676,2.4646122144537173,38.45838357496903,2827.077999999994,75.12
B0018,99,24,1.3893644292809475,2.4684655225527004,38.54382874673793,2821.531,74.9
B0018,100,24,1.3785651415666713,2.4092923539400735,38.650883957434026,2805.156,74.32
B0018,101,24,1.384901110085747,2.477625480372779,38.45654834997334,2814.906,74.66
B0018,102,24,1.3703251814242443,2.335608852853518,38.6564130442344,2801.156,73.87
B0018,103,24,1.3733464385229082,2.441999086782534,38.655587491253975,2794.187,74.03
B0018,104,24,1.3679487285504814,2.4651687831472158,38.6997087046862,2785.391,73.74
B0018,105,24,1.3567141087089647,2.370892032033162,38.87481687744787,2779.5,73.14
B0018,106,24,1.4604310209194575,2.461879783248223,37.363974526077364,2899.234,78.73
B0018,107,24,1.4500998937104097,2.4247066368907255,37.88258787662229,2894.922,78.17
B0018,108,24,1.4381406901824496,2.4447222974031386,38.158980736604235,2888.25,77.53
B0018,109,24,1.4283681980964316,2.443569395327192,38.05243159675446,2873.906,77.0
B0018,110,24,1.4147874517552432,2.4666000274194886,37.89096376444466,2847.406,76.27
B0018,111,24,1.413889163393182,2.4272514813701016,37.81203585126145,2849.281,76.22
B0018,112,24,1.3989331662177225,2.4762628371779,37.9591954678784,2833.688,75.41
B0018,113,24,1.3953322584033976,2.3607989727330003,38.521043498835155,2826.453,75.22
B0018,114,24,1.390046129540245,2.377011586588198,38.878687997701746,2818.312,74.93
B0018,115,24,1.3860271454209647,2.4567563196678455,38.65118899876309,2812.7189999999973,74.72
B0018,116,24,1.388215260193751,2.3277314025979847,38.434235278537344,2803.5,74.84
B0018,117,24,1.3761826562394497,2.4537913827403948,38.103875724329995,2783.25,74.19
B0018,118,24,1.3647168898640165,2.3475608877759067,38.12742842632319,2776.391,73.57
B0018,119,24,1.3589854739373584,2.3558347560196564,38.03962943213698,2766.516,73.26
B0018,120,24,1.3462308764008801,2.3791102362944754,37.85657903247749,2751.516,72.57
B0018,121,24,1.4268427818454643,2.444740635238248,37.43017193410286,2848.859,76.92
B0018,122,24,1.4064481483279663,2.431867772331712,37.8264149292754,2840.016,75.82
B0018,123,24,1.3934907492075153,2.344037291947413,38.08307173716899,2817.375,75.12
B0018,124,24,1.3882493512249316,2.456436863057259,37.88279649093536,2809.234,74.84
B0018,125,24,1.3701878338420928,2.395547668334432,37.96027066990377,2791.187,73.86
B0018,126,24,1.3796951665608619,2.4536749172979215,37.880513353762176,2794.016,74.38
B0018,127,24,1.3686586323935683,2.3062728144586413,38.43416278222213,2774.719,73.78
B0018,128,24,1.3627371779096438,2.3471092023857154,38.847489737859576,2777.844,73.46
B0018,129,24,1.3634051133928073,2.4884289104730986,38.80283421497622,2781.125,73.5
B0018,130,24,1.3518646035305233,2.3992178234155577,38.72699121838442,2760.906,72.88
B0018,131,24,1.3547969729652622,2.2786338886500292,38.67191958148309,2753.25,73.03
B0018,132,24,1.341051440640485,2.3655846763383734,38.371813640118894,2742.843,72.29
